"","S.No","ApparentPower","Type","solar","SolarPercent","WindPercent","Net","peak","dsm"
"14845",1,0.023714909,"Individual2",TRUE,0.271224946621805,0,0.017282834072334,FALSE,0
"14846",2,0.395991339,"Individual2",FALSE,0,0,0.395991339,FALSE,0
"14847",3,0.087936841,"Individual2",FALSE,0,0,0.087936841,FALSE,0
"14848",4,0.146113719,"Individual2",FALSE,0,0,0.146113719,TRUE,0.0922203725669533
"14849",5,0.251098712,"Individual2",FALSE,0,0,0.251098712,TRUE,0.0389527301304042
"14850",6,0.99444027,"Individual2",FALSE,0,0,0.99444027,TRUE,0.0476510331500322
"14851",7,0.091594967,"Individual2",FALSE,0,0,0.091594967,TRUE,0.0466123799560592
"14852",8,0.725758527,"Individual2",FALSE,0,0,0.725758527,FALSE,0
"14853",9,0.507967934,"Individual2",FALSE,0,0,0.507967934,TRUE,0.0917839363683015
"14854",10,0.363448841,"Individual2",FALSE,0,0,0.363448841,TRUE,0.0228803016245365
"14855",11,0.473754772,"Individual2",FALSE,0,0,0.473754772,FALSE,0
"14856",12,0.052648861,"Individual2",TRUE,0.124525835551322,0,0.0460927175931496,FALSE,0
"14857",13,0.410367579,"Individual2",TRUE,0.362958856858313,0,0.261421031634447,FALSE,0
"14858",14,0.267707248,"Individual2",TRUE,0.329840045049787,0,0.179406677259526,FALSE,0
"14859",15,0.363725735,"Individual2",TRUE,0.066928047221154,0,0.339382281832371,FALSE,0
"14860",16,0.645303179,"Individual2",TRUE,0.0579230518080294,0,0.607925249530897,TRUE,0.0702024723403156
"14861",17,0.619533573,"Individual2",TRUE,0.173383964505047,0,0.512116385969283,FALSE,0
"14862",18,0.069376363,"Individual2",TRUE,0.340572489518672,0,0.0457486823393389,FALSE,0
"14863",19,0.153233218,"Individual2",TRUE,0.228632008098066,0,0.118199199661331,FALSE,0
"14864",20,0.950740356,"Individual2",TRUE,0.258045349549502,0,0.705406228505162,TRUE,0.068074696441181
"14865",21,0.46441742,"Individual2",TRUE,0.204098465014249,0,0.369630537452122,TRUE,0.0183783770306036
"14866",22,0.654432956,"Individual2",TRUE,0.271248201839626,0,0.476919193460409,FALSE,0
"14867",23,0.018917205,"Individual2",TRUE,0.274241366051137,0,0.0137293248589306,FALSE,0
"14868",24,0.064542907,"Individual2",FALSE,0,0,0.064542907,FALSE,0
"14869",25,0.329371057,"Individual2",FALSE,0,0,0.329371057,FALSE,0
"14870",26,0.089323304,"Individual2",FALSE,0,0,0.089323304,FALSE,0
"14871",27,0.712125186,"Individual2",FALSE,0,0,0.712125186,FALSE,0
"14872",28,0.521969854,"Individual2",FALSE,0,0,0.521969854,FALSE,0
"14873",29,0.761502668,"Individual2",FALSE,0,0,0.761502668,TRUE,0.0388461343478411
"14874",30,0.512660911,"Individual2",FALSE,0,0,0.512660911,TRUE,0.0352605739142746
"14875",31,0.147129546,"Individual2",FALSE,0,0,0.147129546,FALSE,0
"14876",32,0.03403894,"Individual2",FALSE,0,0,0.03403894,FALSE,0
"14877",33,0.833778549,"Individual2",FALSE,0,0,0.833778549,FALSE,0
"14878",34,0.104043718,"Individual2",FALSE,0,0,0.104043718,FALSE,0
"14879",35,0.08139448,"Individual2",FALSE,0,0,0.08139448,FALSE,0
"14880",36,0.827883959,"Individual2",TRUE,0.0213929693214595,0,0.810173062863385,TRUE,0.0407439223257825
"14881",37,0.559883954,"Individual2",TRUE,0.186184521391988,0,0.455642227989456,FALSE,0
"14882",38,0.026796862,"Individual2",TRUE,0.0525573994033039,0,0.0253884886211108,FALSE,0
"14883",39,0.721981933,"Individual2",TRUE,0.0863698983564973,0,0.659624426831563,FALSE,0
"14884",40,0.565030728,"Individual2",TRUE,0.0988324266858399,0,0.509187369999693,FALSE,0
"14885",41,0.12840245,"Individual2",TRUE,0.179569851607084,0,0.105345241107514,FALSE,0
"14886",42,0.608518154,"Individual2",TRUE,0.370019622799009,0,0.383354496190571,FALSE,0
"14887",43,0.490209781,"Individual2",TRUE,0.109261839743704,0,0.436648558467582,TRUE,0.0105202690931037
"14888",44,0.462258632,"Individual2",TRUE,0.176325639430434,0,0.380750583130363,TRUE,0.00647520932834595
"14889",45,0.57938278,"Individual2",TRUE,0.102123543526977,0,0.520214157447889,TRUE,0.0595167131628841
"14890",46,0.312823862,"Individual2",TRUE,0.0291739085689187,0,0.303697567251836,TRUE,0.0634401617804542
"14891",47,0.700960383,"Individual2",TRUE,0.385164678003639,0,0.430975202788497,TRUE,0.094913345715031
"14892",48,0.385682369,"Individual2",FALSE,0,0,0.385682369,TRUE,0.0590927383629605
"14893",49,0.859594166,"Individual2",FALSE,0,0,0.859594166,FALSE,0
"14894",50,0.503440918,"Individual2",FALSE,0,0,0.503440918,TRUE,0.098586352635175
"14895",51,0.083391124,"Individual2",FALSE,0,0,0.083391124,FALSE,0
"14896",52,0.754214975,"Individual2",FALSE,0,0,0.754214975,TRUE,0.0440976723097265
"14897",53,0.044510644,"Individual2",FALSE,0,0,0.044510644,TRUE,0.0728349186480045
"14898",54,0.648304393,"Individual2",FALSE,0,0,0.648304393,FALSE,0
"14899",55,0.8126915,"Individual2",FALSE,0,0,0.8126915,FALSE,0
"14900",56,0.636732193,"Individual2",FALSE,0,0,0.636732193,TRUE,0.00646247249096632
"14901",57,0.679989272,"Individual2",FALSE,0,0,0.679989272,FALSE,0
"14902",58,0.747168398,"Individual2",FALSE,0,0,0.747168398,TRUE,0.0283176597207785
"14903",59,0.000914962,"Individual2",FALSE,0,0,0.000914962,FALSE,0
"14904",60,0.997099099,"Individual2",TRUE,0.142573445942253,0,0.854939244509655,TRUE,0.0299069542204961
"14905",61,0.235596748,"Individual2",TRUE,0.0349697372876108,0,0.227357991616625,TRUE,0.0502928568748757
"14906",62,0.590480593,"Individual2",TRUE,0.265015207696706,0,0.433994256005231,TRUE,0.0376867438666523
"14907",63,0.979285823,"Individual2",TRUE,0.317806067876518,0,0.66806284626515,TRUE,0.0885071109281853
"14908",64,0.838265681,"Individual2",TRUE,0.195667641982436,0,0.674244211843929,FALSE,0
"14909",65,0.207855806,"Individual2",TRUE,0.24478744706139,0,0.156975313892373,TRUE,0.0232114266138524
"14910",66,0.148814688,"Individual2",TRUE,0.0578786012716591,0,0.140201502009882,FALSE,0
"14911",67,0.628487353,"Individual2",TRUE,0.0241712233051658,0,0.613296044846165,TRUE,0.062005716515705
"14912",68,0.782012308,"Individual2",TRUE,0.192839570064098,0,0.631209390740447,TRUE,0.0466638641199097
"14913",69,0.743203134,"Individual2",TRUE,0.064157812576741,0,0.695520846622381,TRUE,0.067852691700682
"14914",70,0.701982658,"Individual2",TRUE,0.221913663484156,0,0.546203114660875,FALSE,0
"14915",71,0.617655269,"Individual2",TRUE,0.178018818516284,0,0.507701007762262,FALSE,0
"14916",72,0.44237717,"Individual2",FALSE,0,0,0.44237717,FALSE,0
"14917",73,0.299010757,"Individual2",FALSE,0,0,0.299010757,TRUE,0.0618447956629097
"14918",74,0.702162346,"Individual2",FALSE,0,0,0.702162346,TRUE,0.0150303491158411
"14919",75,0.398835162,"Individual2",FALSE,0,0,0.398835162,TRUE,0.0908218210097402
"14920",76,0.654519812,"Individual2",FALSE,0,0,0.654519812,FALSE,0
"14921",77,0.901743133,"Individual2",FALSE,0,0,0.901743133,FALSE,0
"14922",78,0.594063993,"Individual2",FALSE,0,0,0.594063993,TRUE,0.0197009967640042
"14923",79,0.342059322,"Individual2",FALSE,0,0,0.342059322,TRUE,0.0340654221829027
"14924",80,0.287064865,"Individual2",FALSE,0,0,0.287064865,FALSE,0
"14925",81,0.870354278,"Individual2",FALSE,0,0,0.870354278,FALSE,0
"14926",82,0.287364967,"Individual2",FALSE,0,0,0.287364967,FALSE,0
"14927",83,0.802923186,"Individual2",FALSE,0,0,0.802923186,FALSE,0
"14928",84,0.950776101,"Individual2",TRUE,0.173846067022532,0,0.785487415222132,TRUE,0.0961728122085333
"14929",85,0.844884706,"Individual2",TRUE,0.0497293526306748,0,0.802869136523062,TRUE,0.0753881573677063
"14930",86,0.54619894,"Individual2",TRUE,0.376896328106523,0,0.340338565098325,FALSE,0
"14931",87,0.858221957,"Individual2",TRUE,0.258509820047766,0,0.636363153334888,TRUE,0.0293910002103075
"14932",88,0.372303551,"Individual2",TRUE,0.109353695902973,0,0.331590781700349,TRUE,0.0980578046059236
"14933",89,0.279599065,"Individual2",TRUE,0.297880032192916,0,0.196312086516691,TRUE,0.0169695729156956
"14934",90,0.002552095,"Individual2",TRUE,0.104738223645836,0,0.00228479310312458,FALSE,0
"14935",91,0.490950571,"Individual2",TRUE,0.245148510858417,0,0.370594769614261,FALSE,0
"14936",92,0.113143889,"Individual2",TRUE,0.0940504559315741,0,0.102502654653679,FALSE,0
"14937",93,0.92364132,"Individual2",TRUE,0.046368352137506,0,0.880813594025489,TRUE,0.0263179355766624
"14938",94,0.521645654,"Individual2",TRUE,0.163947313930839,0,0.436123250203004,TRUE,0.0536550661781803
"14939",95,0.826129713,"Individual2",TRUE,0.143290458153933,0,0.707753207929653,FALSE,0
"14940",96,0.799880616,"Individual2",FALSE,0,0,0.799880616,TRUE,0.0771573373349383
"14941",97,0.263266284,"Individual2",FALSE,0,0,0.263266284,FALSE,0
"14942",98,0.603175131,"Individual2",FALSE,0,0,0.603175131,TRUE,0.0986803102074191
"14943",99,0.240594194,"Individual2",FALSE,0,0,0.240594194,FALSE,0
"14944",100,0.826020348,"Individual2",FALSE,0,0,0.826020348,TRUE,0.0488683607662097
"14945",101,0.045045212,"Individual2",FALSE,0,0,0.045045212,FALSE,0
"14946",102,0.948651389,"Individual2",FALSE,0,0,0.948651389,TRUE,0.0154003068804741
"14947",103,0.386328324,"Individual2",FALSE,0,0,0.386328324,FALSE,0
"14948",104,0.754494979,"Individual2",FALSE,0,0,0.754494979,FALSE,0
"14949",105,0.710655476,"Individual2",FALSE,0,0,0.710655476,TRUE,0.0343722300603986
"14950",106,0.48130071,"Individual2",FALSE,0,0,0.48130071,TRUE,0.0145570940803736
"14951",107,0.463095658,"Individual2",FALSE,0,0,0.463095658,FALSE,0
"14952",108,0.840500233,"Individual2",TRUE,0.309486145246774,0,0.580377055809815,FALSE,0
"14953",109,0.618988032,"Individual2",TRUE,0.153254927694798,0,0.524125065911895,TRUE,0.0787038275506348
"14954",110,0.981465283,"Individual2",TRUE,0.0692409037612379,0,0.913507739794801,TRUE,0.0948225672589615
"14955",111,0.997153998,"Individual2",TRUE,0.00842354455962777,0,0.988754426865036,TRUE,0.0129273093305528
"14956",112,0.389548825,"Individual2",TRUE,0.295789217110723,0,0.274324483026848,TRUE,0.0578898177249357
"14957",113,0.201215449,"Individual2",TRUE,0.0857634995132685,0,0.183958507937626,FALSE,0
"14958",114,0.990091124,"Individual2",TRUE,0.0645989035256207,0,0.926132322999151,TRUE,0.0290918867802247
"14959",115,0.410450788,"Individual2",TRUE,0.0882235649041831,0,0.374239356264909,TRUE,0.00897130141966045
"14960",116,0.459102201,"Individual2",TRUE,0.379688437096775,0,0.284786403834621,FALSE,0
"14961",117,0.762143723,"Individual2",TRUE,0.273766389396042,0,0.553494387753433,TRUE,0.0836478202603757
"14962",118,0.377712906,"Individual2",TRUE,0.190130871254951,0,0.305898022097981,TRUE,0.0796866705175489
"14963",119,0.782056886,"Individual2",TRUE,0.133840187452734,0,0.677386245779059,TRUE,0.051168427336961
"14964",120,0.251966409,"Individual2",FALSE,0,0,0.251966409,TRUE,0.0591922375140712
"14965",121,0.372276453,"Individual2",FALSE,0,0,0.372276453,FALSE,0
"14966",122,0.200678671,"Individual2",FALSE,0,0,0.200678671,FALSE,0
"14967",123,0.560306571,"Individual2",FALSE,0,0,0.560306571,FALSE,0
"14968",124,0.684321144,"Individual2",FALSE,0,0,0.684321144,TRUE,0.078266198374331
"14969",125,0.412722453,"Individual2",FALSE,0,0,0.412722453,FALSE,0
"14970",126,0.41302739,"Individual2",FALSE,0,0,0.41302739,FALSE,0
"14971",127,0.549384799,"Individual2",FALSE,0,0,0.549384799,FALSE,0
"14972",128,0.234435574,"Individual2",FALSE,0,0,0.234435574,TRUE,0.0517938168719411
"14973",129,0.269562673,"Individual2",FALSE,0,0,0.269562673,TRUE,0.0602149220649153
"14974",130,0.204933794,"Individual2",FALSE,0,0,0.204933794,FALSE,0
"14975",131,0.224642888,"Individual2",FALSE,0,0,0.224642888,FALSE,0
"14976",132,0.697445774,"Individual2",TRUE,0.15238592531532,0,0.59116485437175,FALSE,0
"14977",133,0.540922331,"Individual2",TRUE,0.262549249920994,0,0.398903578730434,FALSE,0
"14978",134,0.68822138,"Individual2",TRUE,0.0750954410992563,0,0.636539091894961,FALSE,0
"14979",135,0.894180338,"Individual2",TRUE,0.108686949405819,0,0.796994604844116,TRUE,0.0561147384112701
"14980",136,0.513323279,"Individual2",TRUE,0.22264092322439,0,0.399036510250869,FALSE,0
"14981",137,0.702012098,"Individual2",TRUE,0.216809201054275,0,0.549809415902185,TRUE,0.0999780202517286
"14982",138,0.349837705,"Individual2",TRUE,0.118622076511383,0,0.308339229990923,TRUE,0.0282888025045395
"14983",139,0.268804012,"Individual2",TRUE,0.210930152703077,0,0.21210514070164,FALSE,0
"14984",140,0.798256045,"Individual2",TRUE,0.128893650416285,0,0.695365909393084,FALSE,0
"14985",141,0.322609262,"Individual2",TRUE,0.323345534596592,0,0.218294997712798,FALSE,0
"14986",142,0.384932763,"Individual2",TRUE,0.193735417537391,0,0.310357653436373,FALSE,0
"14987",143,0.810588984,"Individual2",TRUE,0.314729896374047,0,0.555472397063736,TRUE,0.0455768245039508
"14988",144,0.960156491,"Individual2",FALSE,0,0,0.960156491,TRUE,0.063503160350956
"14989",145,0.754903675,"Individual2",FALSE,0,0,0.754903675,TRUE,0.000890090223401785
"14990",146,0.218402057,"Individual2",FALSE,0,0,0.218402057,TRUE,0.0644791523460299
"14991",147,0.954493145,"Individual2",FALSE,0,0,0.954493145,FALSE,0
"14992",148,0.961935333,"Individual2",FALSE,0,0,0.961935333,FALSE,0
"14993",149,0.189875506,"Individual2",FALSE,0,0,0.189875506,FALSE,0
"14994",150,0.602242359,"Individual2",FALSE,0,0,0.602242359,TRUE,0.0161158470902592
"14995",151,0.223240926,"Individual2",FALSE,0,0,0.223240926,TRUE,0.0988223528489471
"14996",152,0.913284245,"Individual2",FALSE,0,0,0.913284245,TRUE,0.0213174121920019
"14997",153,0.91882168,"Individual2",FALSE,0,0,0.91882168,FALSE,0
"14998",154,0.231406011,"Individual2",FALSE,0,0,0.231406011,TRUE,0.0992618417833001
"14999",155,0.401326604,"Individual2",FALSE,0,0,0.401326604,FALSE,0
"15000",156,0.822730245,"Individual2",TRUE,0.0660851396620274,0,0.768360001855001,FALSE,0
"15001",157,0.342441699,"Individual2",TRUE,0.0862010142765939,0,0.3129228772156,FALSE,0
"15002",158,0.495629638,"Individual2",TRUE,0.0793323097750545,0,0.456310194024486,FALSE,0
"15003",159,0.93081305,"Individual2",TRUE,0.393647023942322,0,0.564401263020825,TRUE,0.042221871460788
"15004",160,0.115113775,"Individual2",TRUE,0.237250156886876,0,0.0878030138214095,FALSE,0
"15005",161,0.839210481,"Individual2",TRUE,0.166978988144547,0,0.699079964042322,TRUE,0.0288532386766747
"15006",162,0.07354149,"Individual2",TRUE,0.374303894024342,0,0.0460146239206478,FALSE,0
"15007",163,0.616772793,"Individual2",TRUE,0.37846332769841,0,0.383346909327378,TRUE,0.0752263695700094
"15008",164,0.590424834,"Individual2",TRUE,0.278622474521399,0,0.425919205732034,TRUE,0.0425640579080209
"15009",165,0.416812968,"Individual2",TRUE,0.234844232164323,0,0.318926846573907,FALSE,0
"15010",166,0.822743748,"Individual2",TRUE,0.321839174069464,0,0.557952579672865,FALSE,0
"15011",167,0.421337635,"Individual2",TRUE,0.0320083427242935,0,0.407851315576277,FALSE,0
"15012",168,0.616868074,"Individual2",FALSE,0,0,0.616868074,FALSE,0
"15013",169,0.832670773,"Individual2",FALSE,0,0,0.832670773,FALSE,0
"15014",170,0.444165474,"Individual2",FALSE,0,0,0.444165474,FALSE,0
"15015",171,0.875822012,"Individual2",FALSE,0,0,0.875822012,TRUE,0.0401602451456711
"15016",172,0.90522167,"Individual2",FALSE,0,0,0.90522167,TRUE,0.0140458665089682
"15017",173,0.895270452,"Individual2",FALSE,0,0,0.895270452,FALSE,0
"15018",174,0.56457854,"Individual2",FALSE,0,0,0.56457854,TRUE,0.0566530733602122
"15019",175,0.182468882,"Individual2",FALSE,0,0,0.182468882,TRUE,0.0507810233859345
"15020",176,0.017343805,"Individual2",FALSE,0,0,0.017343805,TRUE,0.0214076244737953
"15021",177,0.116656196,"Individual2",FALSE,0,0,0.116656196,TRUE,0.0754754484863952
"15022",178,0.247849474,"Individual2",FALSE,0,0,0.247849474,FALSE,0
"15023",179,0.898059164,"Individual2",FALSE,0,0,0.898059164,TRUE,0.00594029990024865
"15024",180,0.284529674,"Individual2",TRUE,0.132184056658298,0,0.246919387451017,TRUE,0.0152667134767398
"15025",181,0.781025163,"Individual2",TRUE,0.0124128231778741,0,0.771330435754211,FALSE,0
"15026",182,0.123413145,"Individual2",TRUE,0.188106586504728,0,0.100198319564237,FALSE,0
"15027",183,0.021294572,"Individual2",TRUE,0.142726954072714,0,0.0182552626001579,TRUE,0.00647071187850088
"15028",184,0.437637105,"Individual2",TRUE,0.139435055106878,0,0.37661515114751,TRUE,0.0399533134885132
"15029",185,0.286151803,"Individual2",TRUE,0.315962492115796,0,0.195738566200692,FALSE,0
"15030",186,0.589676396,"Individual2",TRUE,0.0828377214260399,0,0.540828946976641,FALSE,0
"15031",187,0.297739643,"Individual2",TRUE,0.279419199749827,0,0.214545470219141,TRUE,0.0221494634170085
"15032",188,0.555399903,"Individual2",TRUE,0.0164189748466015,0,0.546280805962838,FALSE,0
"15033",189,0.967663461,"Individual2",TRUE,0.161894902493805,0,0.811003679334587,TRUE,0.0835117410635576
"15034",190,0.002139991,"Individual2",TRUE,0.247390404809266,0,0.00161057776022181,FALSE,0
"15035",191,0.913900642,"Individual2",TRUE,0.321706118900329,0,0.619893213401661,TRUE,0.0964981448370963
"15036",192,0.032408794,"Individual2",FALSE,0,0,0.032408794,FALSE,0
"15037",193,0.372262114,"Individual2",FALSE,0,0,0.372262114,FALSE,0
"15038",194,0.429066271,"Individual2",FALSE,0,0,0.429066271,TRUE,0.0374709428520873
"15039",195,0.725306682,"Individual2",FALSE,0,0,0.725306682,TRUE,0.0235035871388391
"15040",196,0.240473999,"Individual2",FALSE,0,0,0.240473999,FALSE,0
"15041",197,0.864061415,"Individual2",FALSE,0,0,0.864061415,TRUE,0.0800677233375609
"15042",198,0.120901271,"Individual2",FALSE,0,0,0.120901271,FALSE,0
"15043",199,0.888619441,"Individual2",FALSE,0,0,0.888619441,TRUE,0.0210103414487094
"15044",200,0.977245818,"Individual2",FALSE,0,0,0.977245818,FALSE,0
"15045",201,0.968577207,"Individual2",FALSE,0,0,0.968577207,TRUE,0.0905617514392361
"15046",202,0.232794655,"Individual2",FALSE,0,0,0.232794655,FALSE,0
"15047",203,0.904863386,"Individual2",FALSE,0,0,0.904863386,TRUE,0.00586511082947254
"15048",204,0.535355449,"Individual2",TRUE,0.0505037091672421,0,0.508318013102606,TRUE,0.0832145117921755
"15049",205,0.024604267,"Individual2",TRUE,0.362139410618693,0,0.0156940922499151,FALSE,0
"15050",206,0.297567912,"Individual2",TRUE,0.0145353892818093,0,0.293242646561305,TRUE,0.015545057086274
"15051",207,0.708899278,"Individual2",TRUE,0.0849072176031768,0,0.648708612744119,TRUE,0.0691205255920068
"15052",208,0.033609525,"Individual2",TRUE,0.0923444270156324,0,0.0305058726716074,FALSE,0
"15053",209,0.374331725,"Individual2",TRUE,0.184750560764223,0,0.305173728894411,TRUE,0.0976901076734066
"15054",210,0.152503621,"Individual2",TRUE,0.268526249658316,0,0.111552395593557,TRUE,0.0810899595730007
"15055",211,0.117995178,"Individual2",TRUE,0.122180485446006,0,0.103578469871672,FALSE,0
"15056",212,0.255230925,"Individual2",TRUE,0.115298900287598,0,0.225803080028114,TRUE,0.0165650173090398
"15057",213,0.722186022,"Individual2",TRUE,0.1492849515751,0,0.614374516677516,TRUE,0.000112489401362836
"15058",214,0.622568213,"Individual2",TRUE,0.37292762491852,0,0.390395327976142,FALSE,0
"15059",215,0.473414143,"Individual2",TRUE,0.106860848423094,0,0.422824706023528,TRUE,0.0897825726540759
"15060",216,0.312339291,"Individual2",FALSE,0,0,0.312339291,FALSE,0
"15061",217,0.162530641,"Individual2",FALSE,0,0,0.162530641,FALSE,0
"15062",218,0.49931334,"Individual2",FALSE,0,0,0.49931334,TRUE,0.0749277791939676
"15063",219,0.959938389,"Individual2",FALSE,0,0,0.959938389,FALSE,0
"15064",220,0.870655536,"Individual2",FALSE,0,0,0.870655536,TRUE,0.00803277732338756
"15065",221,0.276130594,"Individual2",FALSE,0,0,0.276130594,FALSE,0
"15066",222,0.930849532,"Individual2",FALSE,0,0,0.930849532,TRUE,0.018211950128898
"15067",223,0.729256443,"Individual2",FALSE,0,0,0.729256443,TRUE,0.0596114873187616
"15068",224,0.087170336,"Individual2",FALSE,0,0,0.087170336,TRUE,0.0608939191326499
"15069",225,0.767991326,"Individual2",FALSE,0,0,0.767991326,FALSE,0
"15070",226,0.538227783,"Individual2",FALSE,0,0,0.538227783,FALSE,0
"15071",227,0.68667179,"Individual2",FALSE,0,0,0.68667179,FALSE,0
"15072",228,0.459133059,"Individual2",TRUE,0.15074039241299,0,0.389923161516563,TRUE,0.0820317660458386
"15073",229,0.185815553,"Individual2",TRUE,0.03718252023682,0,0.178906462440262,FALSE,0
"15074",230,0.577328136,"Individual2",TRUE,0.0338336914777756,0,0.557794993965137,TRUE,0.0754718536743894
"15075",231,0.497615304,"Individual2",TRUE,0.275407098699361,0,0.360568516856959,FALSE,0
"15076",232,0.100746711,"Individual2",TRUE,0.141656181029975,0,0.0864753166684094,FALSE,0
"15077",233,0.268304256,"Individual2",TRUE,0.36683490043506,0,0.169880890963937,TRUE,0.0963055157335475
"15078",234,0.308139891,"Individual2",TRUE,0.122304072324187,0,0.270453127485169,FALSE,0
"15079",235,0.6310634,"Individual2",TRUE,0.0791674101725221,0,0.581103744967334,FALSE,0
"15080",236,0.657878644,"Individual2",TRUE,0.0432517968118191,0,0.629424210562877,TRUE,0.0781435409327969
"15081",237,0.54871206,"Individual2",TRUE,0.255291463434696,0,0.408630555198333,TRUE,0.099842003476806
"15082",238,0.437192015,"Individual2",TRUE,0.0657737325876951,0,0.408436264315914,TRUE,0.0720724928192794
"15083",239,0.10730947,"Individual2",TRUE,0.212603604979813,0,0.0844950898295269,FALSE,0
"15084",240,0.673055695,"Individual2",FALSE,0,0,0.673055695,TRUE,0.000953861442394555
"15085",241,0.444898706,"Individual2",FALSE,0,0,0.444898706,TRUE,0.0545662000542507
"15086",242,0.88254355,"Individual2",FALSE,0,0,0.88254355,TRUE,0.0124254138441756
"15087",243,0.218916184,"Individual2",FALSE,0,0,0.218916184,FALSE,0
"15088",244,0.208933936,"Individual2",FALSE,0,0,0.208933936,FALSE,0
"15089",245,0.626762468,"Individual2",FALSE,0,0,0.626762468,TRUE,0.0302421496715397
"15090",246,0.222825992,"Individual2",FALSE,0,0,0.222825992,TRUE,0.0341646375600249
"15091",247,0.720276059,"Individual2",FALSE,0,0,0.720276059,TRUE,0.0363201772095636
"15092",248,0.478657486,"Individual2",FALSE,0,0,0.478657486,FALSE,0
"15093",249,0.693122731,"Individual2",FALSE,0,0,0.693122731,FALSE,0
"15094",250,0.408981181,"Individual2",FALSE,0,0,0.408981181,TRUE,0.0488306226441637
"15095",251,0.078316087,"Individual2",FALSE,0,0,0.078316087,TRUE,0.0729591128882021
"15096",252,0.755743644,"Individual2",TRUE,0.156942770350724,0,0.637135142835688,TRUE,0.0868809106294066
"15097",253,0.034633428,"Individual2",TRUE,0.173566474486142,0,0.0286222260026704,TRUE,0.0241457898635417
"15098",254,0.839530441,"Individual2",TRUE,0.193865894526243,0,0.676774121073524,TRUE,0.0564698405796662
"15099",255,0.781171784,"Individual2",TRUE,0.0559699655510485,0,0.737449626160069,TRUE,0.0142252343706787
"15100",256,0.820397087,"Individual2",TRUE,0.267538952175528,0,0.600908909976165,TRUE,0.0399526016786695
"15101",257,0.666576413,"Individual2",TRUE,0.19599023880437,0,0.53593394263477,TRUE,0.000402836897410452
"15102",258,0.146553189,"Individual2",TRUE,0.239958461094648,0,0.111386511299047,FALSE,0
"15103",259,0.02827344,"Individual2",TRUE,0.00886865314096212,0,0.0280226926675382,TRUE,0.0755088438279927
"15104",260,0.36544488,"Individual2",TRUE,0.393455598410219,0,0.221658546053649,TRUE,0.078797779371962
"15105",261,0.303444289,"Individual2",TRUE,0.123595586512238,0,0.265939914127256,FALSE,0
"15106",262,0.222286285,"Individual2",TRUE,0.160892377700657,0,0.186522116076104,FALSE,0
"15107",263,0.939771966,"Individual2",TRUE,0.0119261207990348,0,0.928564132009937,TRUE,0.00824680607765913
"15108",264,0.492977962,"Individual2",FALSE,0,0,0.492977962,FALSE,0
"15109",265,0.662775974,"Individual2",FALSE,0,0,0.662775974,TRUE,0.0960276002297178
"15110",266,0.675289741,"Individual2",FALSE,0,0,0.675289741,FALSE,0
"15111",267,0.240217648,"Individual2",FALSE,0,0,0.240217648,FALSE,0
"15112",268,0.877039673,"Individual2",FALSE,0,0,0.877039673,TRUE,0.0488939506700262
"15113",269,0.144218143,"Individual2",FALSE,0,0,0.144218143,FALSE,0
"15114",270,0.546460995,"Individual2",FALSE,0,0,0.546460995,TRUE,0.0209505551028997
"15115",271,0.613380523,"Individual2",FALSE,0,0,0.613380523,TRUE,0.0633195835631341
"15116",272,0.37055069,"Individual2",FALSE,0,0,0.37055069,TRUE,0.0951464714948088
"15117",273,0.153969012,"Individual2",FALSE,0,0,0.153969012,TRUE,0.0815790777327493
"15118",274,0.248130008,"Individual2",FALSE,0,0,0.248130008,FALSE,0
"15119",275,0.232425908,"Individual2",FALSE,0,0,0.232425908,FALSE,0
"15120",276,0.40528737,"Individual2",TRUE,0.230805539153516,0,0.311744800055039,TRUE,0.0637860116083175
"15121",277,0.749856662,"Individual2",TRUE,0.00357163306325674,0,0.747178449153297,TRUE,0.0621876495890319
"15122",278,0.532318949,"Individual2",TRUE,0.0806833250448108,0,0.489369686210321,FALSE,0
"15123",279,0.485227942,"Individual2",TRUE,0.368401503562927,0,0.306469238596455,TRUE,0.0986915209097788
"15124",280,0.342995664,"Individual2",TRUE,0.249025899171829,0,0.257580860360361,FALSE,0
"15125",281,0.168329139,"Individual2",TRUE,0.0206522009335458,0,0.164852771798401,TRUE,0.090897554345429
"15126",282,0.36528346,"Individual2",TRUE,0.0786707597784698,0,0.336546332667292,TRUE,0.0978080824948847
"15127",283,0.770934141,"Individual2",TRUE,0.162789398711175,0,0.645434235740694,FALSE,0
"15128",284,0.312014787,"Individual2",TRUE,0.174320283066481,0,0.257624281009232,FALSE,0
"15129",285,0.313713723,"Individual2",TRUE,0.0201001826673746,0,0.307408019862438,TRUE,0.0582343127578497
"15130",286,0.261125874,"Individual2",TRUE,0.139623631350696,0,0.224666531232496,TRUE,0.0975673323031515
"15131",287,0.865188371,"Individual2",TRUE,0.207558467052877,0,0.685611199003264,FALSE,0
"15132",288,0.249870495,"Individual2",FALSE,0,0,0.249870495,TRUE,0.031017736159265
"15133",289,0.491779599,"Individual2",FALSE,0,0,0.491779599,TRUE,0.0779082285007462
"15134",290,0.574157641,"Individual2",FALSE,0,0,0.574157641,TRUE,0.00105493180453777
"15135",291,0.421781992,"Individual2",FALSE,0,0,0.421781992,TRUE,0.0556938994908705
"15136",292,0.21300437,"Individual2",FALSE,0,0,0.21300437,FALSE,0
"15137",293,0.175491628,"Individual2",FALSE,0,0,0.175491628,FALSE,0
"15138",294,0.852034199,"Individual2",FALSE,0,0,0.852034199,FALSE,0
"15139",295,0.298774471,"Individual2",FALSE,0,0,0.298774471,FALSE,0
"15140",296,0.288408711,"Individual2",FALSE,0,0,0.288408711,FALSE,0
"15141",297,0.845020238,"Individual2",FALSE,0,0,0.845020238,TRUE,0.00188235470559448
"15142",298,0.017961353,"Individual2",FALSE,0,0,0.017961353,TRUE,0.0739835052518174
"15143",299,0.267912891,"Individual2",FALSE,0,0,0.267912891,TRUE,0.0516349408542737
"15144",300,0.889988889,"Individual2",TRUE,0.187285713292658,0,0.723306685101094,TRUE,0.071062030736357
"15145",301,0.418121464,"Individual2",TRUE,0.152221748139709,0,0.354474283815185,FALSE,0
"15146",302,0.519884975,"Individual2",TRUE,0.197842610441148,0,0.417029574416869,TRUE,0.086674942728132
"15147",303,0.463664343,"Individual2",TRUE,0.275389009062201,0,0.335976279043754,TRUE,0.0304173674201593
"15148",304,0.012340557,"Individual2",TRUE,0.208960015978664,0,0.00976187401209438,TRUE,0.0834208772750571
"15149",305,0.982505093,"Individual2",TRUE,0.0172373625449836,0,0.965569296509666,FALSE,0
"15150",306,0.636392517,"Individual2",TRUE,0.0616081776097417,0,0.597185533783153,TRUE,0.0339951083995402
"15151",307,0.198338706,"Individual2",TRUE,0.0238086190074682,0,0.193616535314412,FALSE,0
"15152",308,0.962457757,"Individual2",TRUE,0.394569130335003,0,0.582701636836332,TRUE,0.0685482553439215
"15153",309,0.878876771,"Individual2",TRUE,0.0219253202900291,0,0.859607116300358,TRUE,0.0309519929112867
"15154",310,0.938093463,"Individual2",TRUE,0.128193191904575,0,0.817836267673214,TRUE,0.0261956729460508
"15155",311,0.132859831,"Individual2",TRUE,0.174664102960378,0,0.109653987798918,FALSE,0
"15156",312,0.069017061,"Individual2",FALSE,0,0,0.069017061,TRUE,0.0316133850486949
"15157",313,0.339867679,"Individual2",FALSE,0,0,0.339867679,FALSE,0
"15158",314,0.284685848,"Individual2",FALSE,0,0,0.284685848,FALSE,0
"15159",315,0.245829538,"Individual2",FALSE,0,0,0.245829538,TRUE,0.0383524674922228
"15160",316,0.112476604,"Individual2",FALSE,0,0,0.112476604,FALSE,0
"15161",317,0.422887419,"Individual2",FALSE,0,0,0.422887419,FALSE,0
"15162",318,0.957815892,"Individual2",FALSE,0,0,0.957815892,TRUE,0.0327208066359162
"15163",319,0.745720375,"Individual2",FALSE,0,0,0.745720375,TRUE,0.0863714349688962
"15164",320,0.217578604,"Individual2",FALSE,0,0,0.217578604,FALSE,0
"15165",321,0.006785155,"Individual2",FALSE,0,0,0.006785155,FALSE,0
"15166",322,0.262210182,"Individual2",FALSE,0,0,0.262210182,FALSE,0
"15167",323,0.116746202,"Individual2",FALSE,0,0,0.116746202,TRUE,0.0291776563972235
"15168",324,0.511374837,"Individual2",TRUE,0.0092780165374279,0,0.506630292805489,FALSE,0
"15169",325,0.71928367,"Individual2",TRUE,0.379725891631097,0,0.446153037073563,FALSE,0
"15170",326,0.727109469,"Individual2",TRUE,0.320608029700816,0,0.493992334767104,TRUE,0.0429843832738698
"15171",327,0.426236151,"Individual2",TRUE,0.0700501369312406,0,0.396378250257405,FALSE,0
"15172",328,0.240949645,"Individual2",TRUE,0.141321332380176,0,0.20689832013207,FALSE,0
"15173",329,0.317007209,"Individual2",TRUE,0.143958667386323,0,0.271371273640502,FALSE,0
"15174",330,0.066979709,"Individual2",TRUE,0.302315109502524,0,0.0467307309392178,FALSE,0
"15175",331,0.032370397,"Individual2",TRUE,0.0665520118549466,0,0.0302160819551067,FALSE,0
"15176",332,0.209337712,"Individual2",TRUE,0.190393019188195,0,0.169481272982371,FALSE,0
"15177",333,0.171564216,"Individual2",TRUE,0.33704683938995,0,0.113739039244785,TRUE,0.085652893409133
"15178",334,0.28971477,"Individual2",TRUE,0.193587039876729,0,0.233629745267133,TRUE,0.00239962046034634
"15179",335,0.190234944,"Individual2",TRUE,0.285513395536691,0,0.135920319188828,FALSE,0
"15180",336,0.370748048,"Individual2",FALSE,0,0,0.370748048,TRUE,0.00609712824225426
"15181",337,0.525397638,"Individual2",FALSE,0,0,0.525397638,TRUE,0.074856943031773
"15182",338,0.04409197,"Individual2",FALSE,0,0,0.04409197,FALSE,0
"15183",339,0.775970628,"Individual2",FALSE,0,0,0.775970628,TRUE,0.0111477457918227
"15184",340,0.16181597,"Individual2",FALSE,0,0,0.16181597,TRUE,0.0318439222173765
"15185",341,0.649525208,"Individual2",FALSE,0,0,0.649525208,TRUE,0.0661638461984694
"15186",342,0.726274655,"Individual2",FALSE,0,0,0.726274655,TRUE,0.0117329261498526
"15187",343,0.067174016,"Individual2",FALSE,0,0,0.067174016,FALSE,0
"15188",344,0.121921356,"Individual2",FALSE,0,0,0.121921356,TRUE,0.0509616228053346
"15189",345,0.734598517,"Individual2",FALSE,0,0,0.734598517,FALSE,0
"15190",346,0.258022889,"Individual2",FALSE,0,0,0.258022889,FALSE,0
"15191",347,0.50370546,"Individual2",FALSE,0,0,0.50370546,TRUE,0.0525726184248924
"15192",348,0.076586961,"Individual2",TRUE,0.378456706833094,0,0.0476021119535854,TRUE,0.0227293103700504
"15193",349,0.838964961,"Individual2",TRUE,0.330326035991311,0,0.561832991097265,TRUE,0.0400713723385707
"15194",350,0.039068447,"Individual2",TRUE,0.338350778073072,0,0.0258496075594434,TRUE,0.0588383438996971
"15195",351,0.5974312,"Individual2",TRUE,0.305315718334168,0,0.415026064016756,FALSE,0
"15196",352,0.77627772,"Individual2",TRUE,0.275906502828002,0,0.562097649051505,FALSE,0
"15197",353,0.052925091,"Individual2",TRUE,0.367359432671219,0,0.0334825595961674,FALSE,0
"15198",354,0.13153566,"Individual2",TRUE,0.254399728402495,0,0.098073023820757,TRUE,0.0125922467792407
"15199",355,0.053348959,"Individual2",TRUE,0.132857040781528,0,0.046261174178485,FALSE,0
"15200",356,0.143915433,"Individual2",TRUE,0.0437686025165021,0,0.137616455617033,FALSE,0
"15201",357,0.704789855,"Individual2",TRUE,0.0767151229083538,0,0.650721814649114,FALSE,0
"15202",358,0.581999313,"Individual2",TRUE,0.110434827581048,0,0.517726319216557,FALSE,0
"15203",359,0.684223513,"Individual2",TRUE,0.385219934955239,0,0.420646975827295,TRUE,0.0156973442062736
"15204",360,0.058290273,"Individual2",FALSE,0,0,0.058290273,TRUE,0.046599960164167
"15205",361,0.032650057,"Individual2",FALSE,0,0,0.032650057,TRUE,0.0434229427715764
"15206",362,0.747328493,"Individual2",FALSE,0,0,0.747328493,FALSE,0
"15207",363,0.883737449,"Individual2",FALSE,0,0,0.883737449,TRUE,0.068104165722616
"15208",364,0.209806705,"Individual2",FALSE,0,0,0.209806705,FALSE,0
"15209",365,0.909592884,"Individual2",FALSE,0,0,0.909592884,TRUE,0.00396162639372051
"15210",366,0.616420229,"Individual2",FALSE,0,0,0.616420229,FALSE,0
"15211",367,0.87474924,"Individual2",FALSE,0,0,0.87474924,TRUE,0.0414534192997962
"15212",368,0.02756905,"Individual2",FALSE,0,0,0.02756905,FALSE,0
"15213",369,0.876801241,"Individual2",FALSE,0,0,0.876801241,TRUE,0.0442092659184709
"15214",370,0.575058617,"Individual2",FALSE,0,0,0.575058617,TRUE,0.0252831003395841
"15215",371,0.699816845,"Individual2",FALSE,0,0,0.699816845,TRUE,0.0829132724553347
"15216",372,0.865653061,"Individual2",TRUE,0.266822749655694,0,0.634677131016112,TRUE,0.0790135983843356
"15217",373,0.0653049,"Individual2",TRUE,0.284804372303188,0,0.0467057789471775,FALSE,0
"15218",374,0.073072129,"Individual2",TRUE,0.20818180963397,0,0.0578598409509731,FALSE,0
"15219",375,0.561206146,"Individual2",TRUE,0.321158530935645,0,0.380970004598585,TRUE,0.0499264362035319
"15220",376,0.392629719,"Individual2",TRUE,0.167450190614909,0,0.326883797712372,TRUE,0.0772856388939545
"15221",377,0.507982608,"Individual2",TRUE,0.0362043301574886,0,0.489591437945706,TRUE,0.0889496017480269
"15222",378,0.655532786,"Individual2",TRUE,0.146413524821401,0,0.559553920165747,FALSE,0
"15223",379,0.33935268,"Individual2",TRUE,0.398093852680176,0,0.204258464201457,TRUE,0.0016195680713281
"15224",380,0.366709059,"Individual2",TRUE,0.38401142321527,0,0.225888591347478,FALSE,0
"15225",381,0.135409024,"Individual2",TRUE,0.336654478590936,0,0.0898229696287725,TRUE,0.0750707561615855
"15226",382,0.201847113,"Individual2",TRUE,0.355285253655165,0,0.130133810258232,FALSE,0
"15227",383,0.806007081,"Individual2",TRUE,0.134066030755639,0,0.697948910889391,TRUE,0.0255658002337441
"15228",384,0.192134991,"Individual2",FALSE,0,0,0.192134991,FALSE,0
"15229",385,0.013460108,"Individual2",FALSE,0,0,0.013460108,FALSE,0
"15230",386,0.781540454,"Individual2",FALSE,0,0,0.781540454,FALSE,0
"15231",387,0.575677261,"Individual2",FALSE,0,0,0.575677261,TRUE,0.0512304101604968
"15232",388,0.545206411,"Individual2",FALSE,0,0,0.545206411,FALSE,0
"15233",389,0.687976953,"Individual2",FALSE,0,0,0.687976953,FALSE,0
"15234",390,0.279317385,"Individual2",FALSE,0,0,0.279317385,FALSE,0
"15235",391,0.830167073,"Individual2",FALSE,0,0,0.830167073,FALSE,0
"15236",392,0.012067468,"Individual2",FALSE,0,0,0.012067468,FALSE,0
"15237",393,0.873462212,"Individual2",FALSE,0,0,0.873462212,FALSE,0
"15238",394,0.759294345,"Individual2",FALSE,0,0,0.759294345,FALSE,0
"15239",395,0.985173275,"Individual2",FALSE,0,0,0.985173275,TRUE,0.0139683314366266
"15240",396,0.024762954,"Individual2",TRUE,0.283428923040628,0,0.0177444166164754,TRUE,0.0668920703232288
"15241",397,3.96e-05,"Individual2",TRUE,0.0475454201921821,0,3.77172013603896e-05,TRUE,0.0431100418325514
"15242",398,0.235480494,"Individual2",TRUE,0.0228168804198504,0,0.230107563727195,TRUE,0.0159281104337424
"15243",399,0.326763999,"Individual2",TRUE,0.198104199860245,0,0.262030678434971,TRUE,0.0136920067947358
"15244",400,0.867938621,"Individual2",TRUE,0.287476582825184,0,0.618426592132918,FALSE,0
"15245",401,0.251677482,"Individual2",TRUE,0.251645968761295,0,0.188343858226707,FALSE,0
"15246",402,0.940043848,"Individual2",TRUE,0.120950324088335,0,0.826345239927154,TRUE,0.0886810894357041
"15247",403,0.744212304,"Individual2",TRUE,0.183995839394629,0,0.607280336437709,TRUE,0.0597584146540612
"15248",404,0.369284684,"Individual2",TRUE,0.0639051474630833,0,0.345685491813122,TRUE,0.0453151414170861
"15249",405,0.516868173,"Individual2",TRUE,0.140583404712379,0,0.444205085452193,TRUE,0.0859335112851113
"15250",406,0.430973741,"Individual2",TRUE,0.030325248464942,0,0.417904355222309,TRUE,0.0322857131948695
"15251",407,0.000605235,"Individual2",TRUE,0.325870855618268,0,0.000408006552699877,FALSE,0
"15252",408,0.000947667,"Individual2",FALSE,0,0,0.000947667,FALSE,0
"15253",409,0.618884347,"Individual2",FALSE,0,0,0.618884347,FALSE,0
"15254",410,0.156926211,"Individual2",FALSE,0,0,0.156926211,FALSE,0
"15255",411,0.877800827,"Individual2",FALSE,0,0,0.877800827,TRUE,0.0646147235529497
"15256",412,0.054718841,"Individual2",FALSE,0,0,0.054718841,FALSE,0
"15257",413,0.89211876,"Individual2",FALSE,0,0,0.89211876,FALSE,0
"15258",414,0.658530276,"Individual2",FALSE,0,0,0.658530276,TRUE,0.0317684265086427
"15259",415,0.421397773,"Individual2",FALSE,0,0,0.421397773,FALSE,0
"15260",416,0.693365332,"Individual2",FALSE,0,0,0.693365332,TRUE,0.0142868369119242
"15261",417,0.720989299,"Individual2",FALSE,0,0,0.720989299,TRUE,0.054029379109852
"15262",418,0.679519137,"Individual2",FALSE,0,0,0.679519137,FALSE,0
"15263",419,0.895572589,"Individual2",FALSE,0,0,0.895572589,FALSE,0
"15264",420,0.265897397,"Individual2",TRUE,0.0107111130841076,0,0.263049339911963,FALSE,0
"15265",421,0.207100877,"Individual2",TRUE,0.220803742576391,0,0.161372228267547,FALSE,0
"15266",422,0.756892347,"Individual2",TRUE,0.145356245804578,0,0.646873316961864,TRUE,0.0310460670152679
"15267",423,0.322687513,"Individual2",TRUE,0.255964835267514,0,0.240090856892071,FALSE,0
"15268",424,0.882833204,"Individual2",TRUE,0.34105028565973,0,0.581742687585905,TRUE,0.0440408229827881
"15269",425,0.581226859,"Individual2",TRUE,0.162591436784714,0,0.486724348897323,FALSE,0
"15270",426,0.702029808,"Individual2",TRUE,0.0113788122311234,0,0.694041542634116,TRUE,0.0140617738477886
"15271",427,0.326116462,"Individual2",TRUE,0.207575406227261,0,0.258422704922953,TRUE,0.069620050303638
"15272",428,0.583992808,"Individual2",TRUE,0.151840481907129,0,0.495319058602982,FALSE,0
"15273",429,0.977328733,"Individual2",TRUE,0.349000578001142,0,0.636240440285877,TRUE,0.0930341297760606
"15274",430,0.763725498,"Individual2",TRUE,0.269326593447477,0,0.558033911294682,TRUE,0.0455595960374922
"15275",431,0.501682755,"Individual2",TRUE,0.319841472152621,0,0.341223804087218,TRUE,0.05108615483623
"15276",432,0.190028139,"Individual2",FALSE,0,0,0.190028139,TRUE,0.0359481434803456
"15277",433,0.046491153,"Individual2",FALSE,0,0,0.046491153,FALSE,0
"15278",434,0.067287592,"Individual2",FALSE,0,0,0.067287592,FALSE,0
"15279",435,0.005941193,"Individual2",FALSE,0,0,0.005941193,TRUE,0.068611401389353
"15280",436,0.825444196,"Individual2",FALSE,0,0,0.825444196,TRUE,0.0277752382447943
"15281",437,0.252612111,"Individual2",FALSE,0,0,0.252612111,FALSE,0
"15282",438,0.4437856,"Individual2",FALSE,0,0,0.4437856,TRUE,0.0298670751042664
"15283",439,0.515271181,"Individual2",FALSE,0,0,0.515271181,FALSE,0
"15284",440,0.79412612,"Individual2",FALSE,0,0,0.79412612,TRUE,0.0828161004697904
"15285",441,0.904885989,"Individual2",FALSE,0,0,0.904885989,TRUE,0.0501302754040807
"15286",442,0.681688004,"Individual2",FALSE,0,0,0.681688004,TRUE,0.0205834847642109
"15287",443,0.737102222,"Individual2",FALSE,0,0,0.737102222,FALSE,0
"15288",444,0.808131911,"Individual2",TRUE,0.356601638253778,0,0.519950747612244,FALSE,0
"15289",445,0.054784718,"Individual2",TRUE,0.246034006588161,0,0.0413058143306575,FALSE,0
"15290",446,0.037915568,"Individual2",TRUE,0.0235564420931041,0,0.0370224121179808,FALSE,0
"15291",447,0.63522721,"Individual2",TRUE,0.0514850039966404,0,0.602522534554375,FALSE,0
"15292",448,0.259536342,"Individual2",TRUE,0.235378095228225,0,0.198447172177539,TRUE,0.0943775792606175
"15293",449,0.512160679,"Individual2",TRUE,0.0301943497732282,0,0.49669632031818,FALSE,0
"15294",450,0.93549856,"Individual2",TRUE,0.0125484467484057,0,0.92375950613663,TRUE,0.0264619439141825
"15295",451,0.509948643,"Individual2",TRUE,0.00121921077370644,0,0.509326908120417,TRUE,0.00403167817275971
"15296",452,0.554635089,"Individual2",TRUE,0.0921001715585589,0,0.503553102150703,TRUE,0.020381709607318
"15297",453,0.256402208,"Individual2",TRUE,0.0640715258195996,0,0.239974127309926,TRUE,0.00537479657214135
"15298",454,0.052299566,"Individual2",TRUE,0.275904622394592,0,0.037869873991369,FALSE,0
"15299",455,0.701268443,"Individual2",TRUE,0.273024738486856,0,0.50980480974084,FALSE,0
"15300",456,0.751658519,"Individual2",FALSE,0,0,0.751658519,TRUE,0.0022399844834581
"15301",457,0.533511944,"Individual2",FALSE,0,0,0.533511944,TRUE,0.0428230225108564
"15302",458,0.776475946,"Individual2",FALSE,0,0,0.776475946,TRUE,0.0535523548489437
"15303",459,0.769745357,"Individual2",FALSE,0,0,0.769745357,TRUE,0.0450694511644542
"15304",460,0.37193285,"Individual2",FALSE,0,0,0.37193285,TRUE,0.0403016646625474
"15305",461,0.08613935,"Individual2",FALSE,0,0,0.08613935,TRUE,0.0163637533085421
"15306",462,0.073206564,"Individual2",FALSE,0,0,0.073206564,FALSE,0
"15307",463,0.462802388,"Individual2",FALSE,0,0,0.462802388,TRUE,0.0996663554338738
"15308",464,0.62773014,"Individual2",FALSE,0,0,0.62773014,FALSE,0
"15309",465,0.532183965,"Individual2",FALSE,0,0,0.532183965,TRUE,0.0976696344325319
"15310",466,0.074728126,"Individual2",FALSE,0,0,0.074728126,FALSE,0
"15311",467,0.843924057,"Individual2",FALSE,0,0,0.843924057,TRUE,0.0829104840522632
"15312",468,0.50497507,"Individual2",TRUE,0.315999966207892,0,0.345402964944172,TRUE,0.0683382672024891
"15313",469,0.066863424,"Individual2",TRUE,0.0483534974977374,0,0.0636303435949259,TRUE,0.0899248219328001
"15314",470,0.582103397,"Individual2",TRUE,0.205164285004139,0,0.462676569756015,FALSE,0
"15315",471,0.967916157,"Individual2",TRUE,0.328480383008719,0,0.649974687028313,TRUE,0.0938355252379552
"15316",472,0.823018181,"Individual2",TRUE,0.193495579529554,0,0.663767801104046,FALSE,0
"15317",473,0.156789099,"Individual2",TRUE,0.107766048144549,0,0.139892557408625,TRUE,0.0545306207612157
"15318",474,0.737616333,"Individual2",TRUE,0.238524493854493,0,0.561676770512368,FALSE,0
"15319",475,0.60313004,"Individual2",TRUE,0.00883510354906321,0,0.597801323643049,FALSE,0
"15320",476,0.409412254,"Individual2",TRUE,0.276139773335308,0,0.296357246979742,FALSE,0
"15321",477,0.082412764,"Individual2",TRUE,0.132491836417466,0,0.0714937455534007,FALSE,0
"15322",478,0.767044864,"Individual2",TRUE,0.391156494710594,0,0.467010283711995,TRUE,0.053599546244368
"15323",479,0.985151495,"Individual2",TRUE,0.322560110408813,0,0.667380920003393,TRUE,0.0191410851897672
"15324",480,0.402904824,"Individual2",FALSE,0,0,0.402904824,FALSE,0
"15325",481,0.034907605,"Individual2",FALSE,0,0,0.034907605,FALSE,0
"15326",482,0.958511777,"Individual2",FALSE,0,0,0.958511777,TRUE,0.0810506587615237
"15327",483,0.466780383,"Individual2",FALSE,0,0,0.466780383,FALSE,0
"15328",484,0.342694339,"Individual2",FALSE,0,0,0.342694339,TRUE,0.00352810847107321
"15329",485,0.05000823,"Individual2",FALSE,0,0,0.05000823,FALSE,0
"15330",486,0.43456651,"Individual2",FALSE,0,0,0.43456651,FALSE,0
"15331",487,0.735232036,"Individual2",FALSE,0,0,0.735232036,FALSE,0
"15332",488,0.811511239,"Individual2",FALSE,0,0,0.811511239,TRUE,0.0110149532556534
"15333",489,0.624767722,"Individual2",FALSE,0,0,0.624767722,TRUE,0.0122373475693166
"15334",490,0.833434436,"Individual2",FALSE,0,0,0.833434436,TRUE,0.00979246764909476
"15335",491,0.900712267,"Individual2",FALSE,0,0,0.900712267,TRUE,0.0709349260199815
"15336",492,0.631042327,"Individual2",TRUE,0.269449352659285,0,0.461008380489241,TRUE,0.0164419363019988
"15337",493,0.039038496,"Individual2",TRUE,0.33425515294075,0,0.0259896775489431,FALSE,0
"15338",494,0.156075224,"Individual2",TRUE,0.167366570141166,0,0.129953449075106,TRUE,0.0981047860812396
"15339",495,0.668751538,"Individual2",TRUE,0.3578344556503,0,0.429449195434469,TRUE,0.0949291029013693
"15340",496,0.024526002,"Individual2",TRUE,0.33643904728815,0,0.0162744972533327,FALSE,0
"15341",497,0.431757313,"Individual2",TRUE,0.22367737442255,0,0.335182970840425,TRUE,0.0839629942085594
"15342",498,0.860099957,"Individual2",TRUE,0.0857384252361953,0,0.786356341141101,FALSE,0
"15343",499,0.07541174,"Individual2",TRUE,0.399038328882307,0,0.045319565292293,FALSE,0
"15344",500,0.777165259,"Individual2",TRUE,0.340585745312274,0,0.512473850032679,FALSE,0
"15345",501,0.989143732,"Individual2",TRUE,0.210838086996228,0,0.780594559780811,FALSE,0
"15346",502,0.030493537,"Individual2",TRUE,0.156605170574039,0,0.0257180914367092,TRUE,0.0341316069709137
"15347",503,0.096621157,"Individual2",TRUE,0.380319418478757,0,0.0598742547570153,FALSE,0
"15348",504,0.448936468,"Individual2",FALSE,0,0,0.448936468,FALSE,0
"15349",505,0.390468935,"Individual2",FALSE,0,0,0.390468935,FALSE,0
"15350",506,0.298410266,"Individual2",FALSE,0,0,0.298410266,FALSE,0
"15351",507,0.009911721,"Individual2",FALSE,0,0,0.009911721,FALSE,0
"15352",508,0.775448724,"Individual2",FALSE,0,0,0.775448724,FALSE,0
"15353",509,0.024048461,"Individual2",FALSE,0,0,0.024048461,FALSE,0
"15354",510,0.585388732,"Individual2",FALSE,0,0,0.585388732,FALSE,0
"15355",511,0.721508555,"Individual2",FALSE,0,0,0.721508555,TRUE,0.076960254763253
"15356",512,0.48343506,"Individual2",FALSE,0,0,0.48343506,TRUE,0.0616648361552507
"15357",513,0.48188383,"Individual2",FALSE,0,0,0.48188383,TRUE,0.0820972627028823
"15358",514,0.632200639,"Individual2",FALSE,0,0,0.632200639,TRUE,0.0175541108241305
"15359",515,0.936242084,"Individual2",FALSE,0,0,0.936242084,FALSE,0
"15360",516,0.315823753,"Individual2",TRUE,0.114961547218263,0,0.279516165706841,FALSE,0
"15361",517,0.541381979,"Individual2",TRUE,0.29495042366907,0,0.38170113492715,FALSE,0
"15362",518,0.400082622,"Individual2",TRUE,0.0890667732805014,0,0.364448553812857,FALSE,0
"15363",519,0.146738695,"Individual2",TRUE,0.324811035674065,0,0.0990763475035892,FALSE,0
"15364",520,0.048295497,"Individual2",TRUE,0.106252381950617,0,0.0431639854062611,TRUE,0.0550295122666284
"15365",521,0.976460602,"Individual2",TRUE,0.109375165123492,0,0.869660062419665,TRUE,0.0796421252191067
"15366",522,0.919534426,"Individual2",TRUE,0.239988926611841,0,0.698856346121625,TRUE,0.0412711548386142
"15367",523,0.409691084,"Individual2",TRUE,0.331046048551798,0,0.274064469514897,FALSE,0
"15368",524,0.666909969,"Individual2",TRUE,0.394704740867019,0,0.403677442504223,TRUE,0.0449296215781942
"15369",525,0.317576029,"Individual2",TRUE,0.279982660803944,0,0.22866024739303,TRUE,0.0772682312875986
"15370",526,0.265866949,"Individual2",TRUE,0.12160851797089,0,0.233535263354668,FALSE,0
"15371",527,0.941649968,"Individual2",TRUE,0.325629859790206,0,0.635020620948708,TRUE,0.0757599878823385
"15372",528,0.494451327,"Individual2",FALSE,0,0,0.494451327,FALSE,0
"15373",529,0.000978933,"Individual2",FALSE,0,0,0.000978933,TRUE,0.0620386506197974
"15374",530,0.508184127,"Individual2",FALSE,0,0,0.508184127,TRUE,0.0218277058564127
"15375",531,0.316257366,"Individual2",FALSE,0,0,0.316257366,FALSE,0
"15376",532,0.333264648,"Individual2",FALSE,0,0,0.333264648,FALSE,0
"15377",533,0.511796952,"Individual2",FALSE,0,0,0.511796952,TRUE,0.0429967395961285
"15378",534,0.425953356,"Individual2",FALSE,0,0,0.425953356,TRUE,0.0638908273307607
"15379",535,0.301178617,"Individual2",FALSE,0,0,0.301178617,FALSE,0
"15380",536,0.601553776,"Individual2",FALSE,0,0,0.601553776,TRUE,0.034085407317616
"15381",537,0.281670411,"Individual2",FALSE,0,0,0.281670411,FALSE,0
"15382",538,0.382589152,"Individual2",FALSE,0,0,0.382589152,FALSE,0
"15383",539,0.906513014,"Individual2",FALSE,0,0,0.906513014,TRUE,0.0602547833928838
"15384",540,0.305035701,"Individual2",TRUE,0.00862929569557309,0,0.302403457738365,TRUE,0.0971731042023748
"15385",541,0.732746736,"Individual2",TRUE,0.0181179828010499,0,0.719470843239627,TRUE,0.0853984357556328
"15386",542,0.673990538,"Individual2",TRUE,0.144431845098734,0,0.576644841017572,FALSE,0
"15387",543,0.972209198,"Individual2",TRUE,0.363631264679134,0,0.618683537798573,TRUE,0.0553307322319597
"15388",544,0.194830553,"Individual2",TRUE,0.287101146858186,0,0.138894477790685,FALSE,0
"15389",545,0.86270765,"Individual2",TRUE,0.254026449657977,0,0.643557088577724,TRUE,0.0120267287595198
"15390",546,0.568355989,"Individual2",TRUE,0.109472912084311,0,0.506136403783611,TRUE,0.0372669299598783
"15391",547,0.786438902,"Individual2",TRUE,0.264985984098166,0,0.578043615620449,FALSE,0
"15392",548,0.33726709,"Individual2",TRUE,0.013068073708564,0,0.332859658808407,TRUE,0.0689712555613369
"15393",549,0.755210427,"Individual2",TRUE,0.392472957912833,0,0.458810756868697,FALSE,0
"15394",550,0.820753762,"Individual2",TRUE,0.121917281672359,0,0.720689694414598,TRUE,0.00929282715078443
"15395",551,0.412796574,"Individual2",TRUE,0.393767700623721,0,0.25025061623067,FALSE,0
"15396",552,0.336362677,"Individual2",FALSE,0,0,0.336362677,TRUE,0.0441190880024806
"15397",553,0.869849588,"Individual2",FALSE,0,0,0.869849588,TRUE,0.0500691964989528
"15398",554,0.833735094,"Individual2",FALSE,0,0,0.833735094,TRUE,0.0832600475754589
"15399",555,0.473511352,"Individual2",FALSE,0,0,0.473511352,FALSE,0
"15400",556,0.90438868,"Individual2",FALSE,0,0,0.90438868,TRUE,0.071020460408181
"15401",557,0.355521014,"Individual2",FALSE,0,0,0.355521014,FALSE,0
"15402",558,0.133431758,"Individual2",FALSE,0,0,0.133431758,TRUE,0.087295087845996
"15403",559,0.082284914,"Individual2",FALSE,0,0,0.082284914,TRUE,0.0601653981721029
"15404",560,0.622764865,"Individual2",FALSE,0,0,0.622764865,TRUE,0.0376033686101437
"15405",561,0.699199266,"Individual2",FALSE,0,0,0.699199266,FALSE,0
"15406",562,0.822518497,"Individual2",FALSE,0,0,0.822518497,TRUE,0.0139872982399538
"15407",563,0.011484742,"Individual2",FALSE,0,0,0.011484742,FALSE,0
"15408",564,0.091013726,"Individual2",TRUE,0.279064795654267,0,0.0656149991520765,TRUE,0.0727649889886379
"15409",565,0.068173014,"Individual2",TRUE,0.0258303724229336,0,0.0664120796591861,FALSE,0
"15410",566,0.626652479,"Individual2",TRUE,0.242652973718941,0,0.474593391482304,FALSE,0
"15411",567,0.937825154,"Individual2",TRUE,0.36007540486753,0,0.600137381978496,FALSE,0
"15412",568,0.132320043,"Individual2",TRUE,0.321686308644712,0,0.0897544968076204,FALSE,0
"15413",569,0.713874075,"Individual2",TRUE,0.278243876062334,0,0.515242985351587,TRUE,0.0273320118896663
"15414",570,0.839384203,"Individual2",TRUE,0.138217543624341,0,0.723366580304264,FALSE,0
"15415",571,0.782125383,"Individual2",TRUE,0.1995341880247,0,0.626064629769588,FALSE,0
"15416",572,0.131283265,"Individual2",TRUE,0.122856737021357,0,0.11515423143659,FALSE,0
"15417",573,0.113603624,"Individual2",TRUE,0.321539438795298,0,0.0770755784939279,FALSE,0
"15418",574,0.447049684,"Individual2",TRUE,0.296481176838279,0,0.314507867582499,FALSE,0
"15419",575,0.964011985,"Individual2",TRUE,0.219032463431358,0,0.752862065148096,TRUE,0.0264600000577047
"15420",576,0.802183745,"Individual2",FALSE,0,0,0.802183745,FALSE,0
"15421",577,0.9662137,"Individual2",FALSE,0,0,0.9662137,TRUE,0.01398614726495
"15422",578,0.947136578,"Individual2",FALSE,0,0,0.947136578,TRUE,0.0124784199055284
"15423",579,0.892756444,"Individual2",FALSE,0,0,0.892756444,TRUE,0.0471871187444776
"15424",580,0.822635619,"Individual2",FALSE,0,0,0.822635619,FALSE,0
"15425",581,0.718525118,"Individual2",FALSE,0,0,0.718525118,FALSE,0
"15426",582,0.610653519,"Individual2",FALSE,0,0,0.610653519,FALSE,0
"15427",583,0.047348619,"Individual2",FALSE,0,0,0.047348619,TRUE,0.0147986221127212
"15428",584,0.444986945,"Individual2",FALSE,0,0,0.444986945,FALSE,0
"15429",585,0.53687188,"Individual2",FALSE,0,0,0.53687188,FALSE,0
"15430",586,0.767025924,"Individual2",FALSE,0,0,0.767025924,FALSE,0
"15431",587,0.754340362,"Individual2",FALSE,0,0,0.754340362,TRUE,0.0533135234378278
"15432",588,0.797900387,"Individual2",TRUE,0.0978422109037638,0,0.719832049054951,FALSE,0
"15433",589,0.07423494,"Individual2",TRUE,0.106659951340407,0,0.066317044911842,FALSE,0
"15434",590,0.167325847,"Individual2",TRUE,0.151206190977246,0,0.142025143023089,TRUE,0.0242571863578632
"15435",591,0.031366446,"Individual2",TRUE,0.0469378388486803,0,0.0298941728123962,TRUE,0.0307372427545488
"15436",592,0.25093497,"Individual2",TRUE,0.172500538267195,0,0.207648552604938,FALSE,0
"15437",593,0.667848071,"Individual2",TRUE,0.2725101955235,0,0.485852662591797,TRUE,0.0681007421808317
"15438",594,0.59563136,"Individual2",TRUE,0.083471348695457,0,0.545913207055491,FALSE,0
"15439",595,0.899108055,"Individual2",TRUE,0.371310058236122,0,0.565260190737383,FALSE,0
"15440",596,0.514528773,"Individual2",TRUE,0.363619001675397,0,0.327436334228473,TRUE,0.0617082957411185
"15441",597,0.814260346,"Individual2",TRUE,0.309785580914468,0,0.562014231698775,TRUE,0.000728932488709688
"15442",598,0.109729605,"Individual2",TRUE,0.314027739223093,0,0.075271465216007,TRUE,0.0346648043720052
"15443",599,0.517089047,"Individual2",TRUE,0.0355318761430681,0,0.498715903027059,FALSE,0
"15444",600,0.721907411,"Individual2",FALSE,0,0,0.721907411,FALSE,0
"15445",601,0.363502404,"Individual2",FALSE,0,0,0.363502404,FALSE,0
"15446",602,0.180948739,"Individual2",FALSE,0,0,0.180948739,TRUE,0.096325800055638
"15447",603,0.003472331,"Individual2",FALSE,0,0,0.003472331,FALSE,0
"15448",604,0.717617913,"Individual2",FALSE,0,0,0.717617913,TRUE,0.0539872209075838
"15449",605,0.123828375,"Individual2",FALSE,0,0,0.123828375,TRUE,0.0224993959302083
"15450",606,0.32226877,"Individual2",FALSE,0,0,0.32226877,TRUE,0.0336334500694647
"15451",607,0.206244166,"Individual2",FALSE,0,0,0.206244166,TRUE,0.0399647165322676
"15452",608,0.616131734,"Individual2",FALSE,0,0,0.616131734,TRUE,0.0193521444452927
"15453",609,0.551492309,"Individual2",FALSE,0,0,0.551492309,TRUE,0.0636484180111438
"15454",610,0.028961466,"Individual2",FALSE,0,0,0.028961466,FALSE,0
"15455",611,0.915491436,"Individual2",FALSE,0,0,0.915491436,TRUE,0.0442096330458298
"15456",612,0.036879117,"Individual2",TRUE,0.221536160260439,0,0.0287090590260245,FALSE,0
"15457",613,0.397740395,"Individual2",TRUE,0.166437983606011,0,0.331541285657542,FALSE,0
"15458",614,0.715574639,"Individual2",TRUE,0.233626389037818,0,0.54839752000339,TRUE,0.063083189772442
"15459",615,0.117134926,"Individual2",TRUE,0.0384157110005617,0,0.112635104534712,TRUE,0.00602136126253754
"15460",616,0.362217405,"Individual2",TRUE,0.394864586554468,0,0.219190579131843,TRUE,0.0262496207840741
"15461",617,0.038671314,"Individual2",TRUE,0.34487619549036,0,0.0253344983530669,FALSE,0
"15462",618,0.136766191,"Individual2",TRUE,0.185422119870782,0,0.111406713938128,FALSE,0
"15463",619,0.587644662,"Individual2",TRUE,0.340287832263857,0,0.387676333826593,TRUE,0.0749117478262633
"15464",620,0.544381527,"Individual2",TRUE,0.0860122186131775,0,0.497558064090701,TRUE,0.0633277596672997
"15465",621,0.776450812,"Individual2",TRUE,0.33497099308297,0,0.516362312424281,FALSE,0
"15466",622,0.614845447,"Individual2",TRUE,0.33525872156024,0,0.408713148481646,FALSE,0
"15467",623,0.548875575,"Individual2",TRUE,0.275691554695368,0,0.397555214393936,FALSE,0
"15468",624,0.319927471,"Individual2",FALSE,0,0,0.319927471,FALSE,0
"15469",625,0.317775989,"Individual2",FALSE,0,0,0.317775989,TRUE,0.0526646305108443
"15470",626,0.353966722,"Individual2",FALSE,0,0,0.353966722,TRUE,0.0615136424079537
"15471",627,0.179199685,"Individual2",FALSE,0,0,0.179199685,FALSE,0
"15472",628,0.741239211,"Individual2",FALSE,0,0,0.741239211,TRUE,0.0650045483140275
"15473",629,0.209146408,"Individual2",FALSE,0,0,0.209146408,FALSE,0
"15474",630,0.642990328,"Individual2",FALSE,0,0,0.642990328,FALSE,0
"15475",631,0.351445145,"Individual2",FALSE,0,0,0.351445145,FALSE,0
"15476",632,0.855479486,"Individual2",FALSE,0,0,0.855479486,TRUE,0.0551787696313113
"15477",633,0.966912998,"Individual2",FALSE,0,0,0.966912998,FALSE,0
"15478",634,0.679005265,"Individual2",FALSE,0,0,0.679005265,TRUE,0.0703238278394565
"15479",635,0.02232837,"Individual2",FALSE,0,0,0.02232837,TRUE,0.0332202430116013
"15480",636,0.426965865,"Individual2",TRUE,0.254945998825133,0,0.318112626083338,TRUE,0.0874503372469917
"15481",637,0.892144039,"Individual2",TRUE,0.323358962498605,0,0.603661268149645,TRUE,0.0562239002436399
"15482",638,0.388834333,"Individual2",TRUE,0.0319317834451795,0,0.376418159282593,FALSE,0
"15483",639,0.828854384,"Individual2",TRUE,0.229876009747386,0,0.638320645544452,TRUE,0.0464943809900433
"15484",640,0.366793202,"Individual2",TRUE,0.250763486232609,0,0.274814859940059,FALSE,0
"15485",641,0.029388551,"Individual2",TRUE,0.144850087352097,0,0.0251316168204984,FALSE,0
"15486",642,0.56104817,"Individual2",TRUE,0.267857198417187,0,0.41076737900671,FALSE,0
"15487",643,0.371641983,"Individual2",TRUE,0.129414698947221,0,0.323546047653907,TRUE,0.012986963824369
"15488",644,0.436366526,"Individual2",TRUE,0.3884038310498,0,0.266880095559708,TRUE,0.0976392904762179
"15489",645,0.490142981,"Individual2",TRUE,0.326797271426767,0,0.329965592200218,TRUE,0.0999069137731567
"15490",646,0.492486697,"Individual2",TRUE,0.337139680143446,0,0.326449889498518,TRUE,0.0191079426091164
"15491",647,0.616590093,"Individual2",TRUE,0.17613176619634,0,0.507988990900744,FALSE,0
"15492",648,0.545332111,"Individual2",FALSE,0,0,0.545332111,TRUE,0.0327973453328013
"15493",649,0.266501817,"Individual2",FALSE,0,0,0.266501817,FALSE,0
"15494",650,0.178503931,"Individual2",FALSE,0,0,0.178503931,TRUE,0.0791352351428941
"15495",651,0.382944634,"Individual2",FALSE,0,0,0.382944634,FALSE,0
"15496",652,0.271850677,"Individual2",FALSE,0,0,0.271850677,FALSE,0
"15497",653,0.108368329,"Individual2",FALSE,0,0,0.108368329,FALSE,0
"15498",654,0.38729827,"Individual2",FALSE,0,0,0.38729827,FALSE,0
"15499",655,0.783737498,"Individual2",FALSE,0,0,0.783737498,TRUE,0.0561373995617032
"15500",656,0.398064765,"Individual2",FALSE,0,0,0.398064765,FALSE,0
"15501",657,0.726797023,"Individual2",FALSE,0,0,0.726797023,TRUE,0.0673830668209121
"15502",658,0.182903562,"Individual2",FALSE,0,0,0.182903562,TRUE,0.0641222053673118
"15503",659,0.692988424,"Individual2",FALSE,0,0,0.692988424,FALSE,0
"15504",660,0.787509713,"Individual2",TRUE,0.167066838592291,0,0.655942954888368,TRUE,0.0195687115425244
"15505",661,0.136163807,"Individual2",TRUE,0.29375726589933,0,0.0961646993412359,FALSE,0
"15506",662,0.222662412,"Individual2",TRUE,0.135340368188918,0,0.192527199178088,FALSE,0
"15507",663,0.112244957,"Individual2",TRUE,0.142595181427896,0,0.0962393669922186,FALSE,0
"15508",664,0.299802558,"Individual2",TRUE,0.345818866416812,0,0.196125177243579,TRUE,0.0390062615508214
"15509",665,0.775048144,"Individual2",TRUE,0.249995252117515,0,0.581289787837508,TRUE,0.000356960366480052
"15510",666,0.499262193,"Individual2",TRUE,0.230290286708623,0,0.384286959431254,TRUE,0.0953616400482133
"15511",667,0.744387639,"Individual2",TRUE,0.297613340150565,0,0.522847947390417,TRUE,0.0904400158906356
"15512",668,0.781022389,"Individual2",TRUE,0.0115118432790041,0,0.772031381660439,TRUE,0.0696980748325586
"15513",669,0.158936839,"Individual2",TRUE,0.219616167247295,0,0.12403173958442,FALSE,0
"15514",670,0.344568567,"Individual2",TRUE,0.151915559731424,0,0.29222324027834,FALSE,0
"15515",671,0.503679413,"Individual2",TRUE,0.254003193229437,0,0.375743233734072,TRUE,0.0586492201313376
"15516",672,0.606582287,"Individual2",FALSE,0,0,0.606582287,TRUE,0.0187545498367399
"15517",673,0.25000073,"Individual2",FALSE,0,0,0.25000073,TRUE,0.0544431718531996
"15518",674,0.746600545,"Individual2",FALSE,0,0,0.746600545,TRUE,0.00774523541331291
"15519",675,0.23339749,"Individual2",FALSE,0,0,0.23339749,TRUE,0.023980681039393
"15520",676,0.561717341,"Individual2",FALSE,0,0,0.561717341,FALSE,0
"15521",677,0.211958445,"Individual2",FALSE,0,0,0.211958445,FALSE,0
"15522",678,0.913019505,"Individual2",FALSE,0,0,0.913019505,FALSE,0
"15523",679,0.081410612,"Individual2",FALSE,0,0,0.081410612,FALSE,0
"15524",680,0.166852596,"Individual2",FALSE,0,0,0.166852596,TRUE,0.00199688158463687
"15525",681,0.968335222,"Individual2",FALSE,0,0,0.968335222,TRUE,0.0181778276339173
"15526",682,0.378207499,"Individual2",FALSE,0,0,0.378207499,FALSE,0
"15527",683,0.403333401,"Individual2",FALSE,0,0,0.403333401,FALSE,0
"15528",684,0.556606792,"Individual2",TRUE,0.216763764992356,0,0.435954608145763,FALSE,0
"15529",685,0.116395264,"Individual2",TRUE,0.296577544976026,0,0.0818750423560436,FALSE,0
"15530",686,0.381618842,"Individual2",TRUE,0.1731997910887,0,0.315522538290088,TRUE,0.0488659528549761
"15531",687,0.231377669,"Individual2",TRUE,0.0951708121225238,0,0.209357268334254,TRUE,0.00242375754751265
"15532",688,0.387388584,"Individual2",TRUE,0.21174129974097,0,0.305362421719026,TRUE,0.045033956435509
"15533",689,0.406136514,"Individual2",TRUE,0.38920946996659,0,0.248064336651981,FALSE,0
"15534",690,0.7802289,"Individual2",TRUE,0.139110635500401,0,0.671690761885221,TRUE,0.0179456334328279
"15535",691,0.825977341,"Individual2",TRUE,0.16652636565268,0,0.688430336291805,TRUE,0.0126523370854557
"15536",692,0.621844363,"Individual2",TRUE,0.236448379978538,0,0.474810270769864,TRUE,0.000823062099516392
"15537",693,0.611514318,"Individual2",TRUE,0.0866520123556256,0,0.558525371761022,TRUE,0.0736420261440799
"15538",694,0.101998132,"Individual2",TRUE,0.362050967290998,0,0.0650696096475252,FALSE,0
"15539",695,0.62679898,"Individual2",TRUE,0.139704236201942,0,0.539232507246944,FALSE,0
"15540",696,0.820042899,"Individual2",FALSE,0,0,0.820042899,FALSE,0
"15541",697,0.737314052,"Individual2",FALSE,0,0,0.737314052,FALSE,0
"15542",698,0.229048875,"Individual2",FALSE,0,0,0.229048875,TRUE,0.068770139454864
"15543",699,0.484356957,"Individual2",FALSE,0,0,0.484356957,FALSE,0
"15544",700,0.747414845,"Individual2",FALSE,0,0,0.747414845,FALSE,0
"15545",701,0.811251687,"Individual2",FALSE,0,0,0.811251687,TRUE,0.0594817403471097
"15546",702,0.414724825,"Individual2",FALSE,0,0,0.414724825,FALSE,0
"15547",703,0.370066268,"Individual2",FALSE,0,0,0.370066268,TRUE,0.0656766575528309
"15548",704,0.711909853,"Individual2",FALSE,0,0,0.711909853,TRUE,0.0536359235178679
"15549",705,0.355084286,"Individual2",FALSE,0,0,0.355084286,FALSE,0
"15550",706,0.471870997,"Individual2",FALSE,0,0,0.471870997,FALSE,0
"15551",707,0.533223681,"Individual2",FALSE,0,0,0.533223681,FALSE,0
"15552",708,0.675714987,"Individual2",TRUE,0.0617612509056926,0,0.633981984147156,TRUE,0.0488413031212986
"15553",709,0.537721648,"Individual2",TRUE,0.0575126721523702,0,0.506795839149344,TRUE,0.0413214876782149
"15554",710,0.82204495,"Individual2",TRUE,0.0877147532068193,0,0.749939480085838,TRUE,0.0907277202233672
"15555",711,0.634663535,"Individual2",TRUE,0.142952052131295,0,0.543937080258848,TRUE,0.0344892980065197
"15556",712,0.589873911,"Individual2",TRUE,0.187269333843142,0,0.479408616635581,FALSE,0
"15557",713,0.107802352,"Individual2",TRUE,0.351097316108644,0,0.0699532355426007,FALSE,0
"15558",714,0.975521477,"Individual2",TRUE,0.217389808222651,0,0.763453050197892,TRUE,0.0209879828616977
"15559",715,0.134428441,"Individual2",TRUE,0.00654113600030541,0,0.13354912628511,TRUE,0.0285133354365826
